<!DOCTYPE suite SYSTEM "http://testng.org/testng-1.0.dtd" >

<suite name="Session11--Take2" parallel = "none">
	<test name="FirefoxTest" >
	<parameter name = "browser" value = "Firefox"/>
  	<classes> 
 		<class name="Examples.MultiBrowser"/>
  	</classes>
  	</test>
  	
  	<test name="ChromeTest" >
	<parameter name = "browser" value = "chrome"/>
		<classes>
			  <class name="Examples.MultiBrowser"/>
		</classes>
  	</test>
  	
  	<test name="EdgeTest" >
	<parameter name = "browser" value = "edge"/>
		<classes>
			<class name="Examples.MultiBrowser"/>
		</classes>
  	</test>
  	
 </suite>